,coef,std err,t,P>|t|,[0.025,0.975]
2000 Intercept,0.001,0.0,4.9719999999999995,0.0,0.001,0.001
2000 beta:Cluster[Cluster 0],-0.0005,0.001,-0.552,0.581,-0.002,0.001
2000 beta:Cluster[Cluster 1],-0.0009,0.0,-3.702,0.0,-0.001,-0.0
2000 beta:Cluster[Cluster 10],-0.001,0.0,-2.747,0.006,-0.002,-0.0
2000 beta:Cluster[Cluster 2],-0.0025,0.001,-3.6910000000000003,0.0,-0.004,-0.001
2000 beta:Cluster[Cluster 3],0.0035,0.001,2.387,0.017,0.001,0.006
2000 beta:Cluster[Cluster 4],0.0005,0.0,1.547,0.12300000000000001,-0.0,0.001
2000 beta:Cluster[Cluster 5],0.0027,0.002,1.396,0.163,-0.001,0.006
2000 beta:Cluster[Cluster 6],0.0015,0.001,2.426,0.016,0.0,0.003
2000 beta:Cluster[Cluster 7],-0.0004,0.0,-2.7289999999999996,0.006999999999999999,-0.001,-0.0
2000 beta:Cluster[Cluster 8],0.0028,0.002,1.83,0.068,-0.0,0.006
2000 beta:Cluster[Cluster 9],-0.0008,0.0,-1.974,0.049,-0.002,-3.71e-06
2000 Intercept,0.0013,0.0,6.8260000000000005,0.0,0.001,0.002
2000 beta:GICS_SECTOR_NAME[Communication Services],-0.0032,0.0,-6.563,0.0,-0.004,-0.002
2000 beta:GICS_SECTOR_NAME[Consumer Discretionary],-0.0011,0.0,-3.253,0.001,-0.002,-0.0
2000 beta:GICS_SECTOR_NAME[Consumer Staples],-0.0011,0.001,-1.48,0.14,-0.003,0.0
2000 beta:GICS_SECTOR_NAME[Energy],-0.0015,0.001,-1.963,0.051,-0.003,3.54e-06
2000 beta:GICS_SECTOR_NAME[Financials],0.0002,0.0,0.855,0.39299999999999996,-0.0,0.001
2000 beta:GICS_SECTOR_NAME[Health Care],0.0013,0.0,2.6519999999999997,0.008,0.0,0.002
2000 beta:GICS_SECTOR_NAME[Industrials],-0.0012,0.0,-2.807,0.005,-0.002,-0.0
2000 beta:GICS_SECTOR_NAME[Information Technology],-0.0005,0.0,-3.292,0.001,-0.001,-0.0
2000 beta:GICS_SECTOR_NAME[Materials],-0.0023,0.001,-3.7489999999999997,0.0,-0.003,-0.001
2000 beta:GICS_SECTOR_NAME[Real Estate],-0.0038,0.002,-1.8730000000000002,0.062,-0.008,0.0
2000 beta:GICS_SECTOR_NAME[Utilities],0.0011,0.002,0.6629999999999999,0.508,-0.002,0.004
2000 Intercept,0.001,0.0,5.906000000000001,0.0,0.001,0.001
2000 beta:BICS_LEVEL_1_SECTOR_NAME[Communications],-0.0025,0.0,-8.008,0.0,-0.003,-0.002
2000 beta:BICS_LEVEL_1_SECTOR_NAME[Consumer Discretionary],-0.0009,0.0,-3.002,0.003,-0.002,-0.0
2000 beta:BICS_LEVEL_1_SECTOR_NAME[Consumer Staples],-0.0008,0.001,-1.175,0.24100000000000002,-0.002,0.001
2000 beta:BICS_LEVEL_1_SECTOR_NAME[Energy],0.001,0.001,1.5959999999999999,0.111,-0.0,0.002
2000 beta:BICS_LEVEL_1_SECTOR_NAME[Financials],0.0006,0.0,2.405,0.017,0.0,0.001
2000 beta:BICS_LEVEL_1_SECTOR_NAME[Health Care],0.0012,0.0,3.318,0.001,0.0,0.002
2000 beta:BICS_LEVEL_1_SECTOR_NAME[Industrials],-0.0003,0.0,-0.9420000000000001,0.34700000000000003,-0.001,0.0
2000 beta:BICS_LEVEL_1_SECTOR_NAME[Materials],-0.0016,0.001,-3.053,0.002,-0.003,-0.001
2000 beta:BICS_LEVEL_1_SECTOR_NAME[Real Estate],-0.0032,0.002,-1.421,0.156,-0.008,0.001
2000 beta:BICS_LEVEL_1_SECTOR_NAME[Technology],-0.0004,0.0,-3.3680000000000003,0.001,-0.001,-0.0
2000 beta:BICS_LEVEL_1_SECTOR_NAME[Utilities],0.0041,0.001,3.1830000000000003,0.002,0.002,0.006999999999999999
2001 Intercept,0.0004,0.0,2.658,0.008,9.92e-05,0.001
2001 beta:Cluster[Cluster 0],-0.0021,0.001,-2.6010000000000004,0.01,-0.004,-0.001
2001 beta:Cluster[Cluster 1],-0.0017,0.001,-2.5,0.013000000000000001,-0.003,-0.0
2001 beta:Cluster[Cluster 10],0.0008,0.0,3.947,0.0,0.0,0.001
2001 beta:Cluster[Cluster 2],0.0001,0.0,0.475,0.635,-0.0,0.001
2001 beta:Cluster[Cluster 3],-0.0002,0.0,-0.948,0.344,-0.001,0.0
2001 beta:Cluster[Cluster 4],-0.001,0.001,-0.9470000000000001,0.344,-0.003,0.001
2001 beta:Cluster[Cluster 5],0.0006,0.0,2.27,0.024,7.49e-05,0.001
2001 beta:Cluster[Cluster 6],-0.0003,8.47e-05,-2.9819999999999998,0.003,-0.0,-8.609999999999999e-05
2001 beta:Cluster[Cluster 7],-0.0003,0.0,-1.068,0.28600000000000003,-0.001,0.0
2001 beta:Cluster[Cluster 8],-0.0003,0.0,-1.524,0.128,-0.001,9.8e-05
2001 beta:Cluster[Cluster 9],-0.0008,0.003,-0.316,0.752,-0.006,0.004
2001 Intercept,0.0005,0.0,3.397,0.001,0.0,0.001
2001 beta:GICS_SECTOR_NAME[Communication Services],-0.0001,0.0,-0.41200000000000003,0.68,-0.001,0.0
2001 beta:GICS_SECTOR_NAME[Consumer Discretionary],0.0007,0.0,3.42,0.001,0.0,0.001
2001 beta:GICS_SECTOR_NAME[Consumer Staples],-0.0007,0.001,-0.9620000000000001,0.337,-0.002,0.001
2001 beta:GICS_SECTOR_NAME[Energy],-0.0021,0.001,-2.8710000000000004,0.004,-0.003,-0.001
2001 beta:GICS_SECTOR_NAME[Financials],-0.0006,0.0,-2.436,0.015,-0.001,-0.0
2001 beta:GICS_SECTOR_NAME[Health Care],-0.0008,0.0,-1.9869999999999999,0.048,-0.002,-7.48e-06
2001 beta:GICS_SECTOR_NAME[Industrials],4.312e-05,0.0,0.182,0.856,-0.0,0.001
2001 beta:GICS_SECTOR_NAME[Information Technology],-0.0002,9.8e-05,-1.607,0.109,-0.0,3.53e-05
2001 beta:GICS_SECTOR_NAME[Materials],0.0003,0.0,0.845,0.39899999999999997,-0.0,0.001
2001 beta:GICS_SECTOR_NAME[Real Estate],-2.881e-05,0.001,-0.02,0.9840000000000001,-0.003,0.003
2001 beta:GICS_SECTOR_NAME[Utilities],-0.002,0.001,-1.9069999999999998,0.057,-0.004,6.42e-05
2001 Intercept,0.0005,0.0,3.8139999999999996,0.0,0.0,0.001
2001 beta:BICS_LEVEL_1_SECTOR_NAME[Communications],-0.0002,0.0,-0.909,0.364,-0.001,0.0
2001 beta:BICS_LEVEL_1_SECTOR_NAME[Consumer Discretionary],0.0007,0.0,4.013999999999999,0.0,0.0,0.001
2001 beta:BICS_LEVEL_1_SECTOR_NAME[Consumer Staples],-2.2800000000000002e-05,0.0,-0.047,0.963,-0.001,0.001
2001 beta:BICS_LEVEL_1_SECTOR_NAME[Energy],-0.0012,0.0,-3.41,0.001,-0.002,-0.001
2001 beta:BICS_LEVEL_1_SECTOR_NAME[Financials],-0.0006,0.0,-3.2939999999999996,0.001,-0.001,-0.0
2001 beta:BICS_LEVEL_1_SECTOR_NAME[Health Care],-0.0003,0.0,-1.052,0.293,-0.001,0.0
2001 beta:BICS_LEVEL_1_SECTOR_NAME[Industrials],-0.0003,0.0,-1.815,0.07,-0.001,2.8300000000000003e-05
2001 beta:BICS_LEVEL_1_SECTOR_NAME[Materials],3.459e-05,0.0,0.121,0.904,-0.001,0.001
2001 beta:BICS_LEVEL_1_SECTOR_NAME[Real Estate],-0.0002,0.001,-0.10300000000000001,0.9179999999999999,-0.003,0.003
2001 beta:BICS_LEVEL_1_SECTOR_NAME[Technology],-0.0002,8.209999999999999e-05,-2.18,0.03,-0.0,-1.76e-05
2001 beta:BICS_LEVEL_1_SECTOR_NAME[Utilities],-0.0028,0.001,-3.679,0.0,-0.004,-0.001
2002 Intercept,0.001,0.0,5.692,0.0,0.001,0.001
2002 beta:Cluster[Cluster 0],-0.0019,0.001,-3.5460000000000003,0.0,-0.003,-0.001
2002 beta:Cluster[Cluster 1],-0.0025,0.0,-7.321000000000001,0.0,-0.003,-0.002
2002 beta:Cluster[Cluster 10],-0.002,0.0,-7.0489999999999995,0.0,-0.003,-0.001
2002 beta:Cluster[Cluster 2],-0.0015,0.0,-6.252000000000001,0.0,-0.002,-0.001
2002 beta:Cluster[Cluster 3],-0.0013,0.0,-6.666,0.0,-0.002,-0.001
2002 beta:Cluster[Cluster 4],-0.0012,0.001,-1.893,0.059000000000000004,-0.002,4.6200000000000005e-05
2002 beta:Cluster[Cluster 5],-0.0014,0.0,-11.464,0.0,-0.002,-0.001
2002 beta:Cluster[Cluster 6],-0.0018,0.0,-10.753,0.0,-0.002,-0.001
2002 beta:Cluster[Cluster 7],-0.0013,0.0,-6.865,0.0,-0.002,-0.001
2002 beta:Cluster[Cluster 8],-0.0008,0.0,-2.611,0.009000000000000001,-0.001,-0.0
2002 beta:Cluster[Cluster_NO_MAP_Cluster 9],0.0019,0.002,0.835,0.40399999999999997,-0.003,0.006
2002 Intercept,0.0012,0.0,6.584,0.0,0.001,0.002
2002 beta:GICS_SECTOR_NAME[Communication Services],-0.0016,0.0,-6.568,0.0,-0.002,-0.001
2002 beta:GICS_SECTOR_NAME[Consumer Discretionary],-0.0014,0.0,-6.1370000000000005,0.0,-0.002,-0.001
2002 beta:GICS_SECTOR_NAME[Consumer Staples],-0.0026,0.0,-5.5,0.0,-0.004,-0.002
2002 beta:GICS_SECTOR_NAME[Energy],-0.0012,0.0,-4.77,0.0,-0.002,-0.001
2002 beta:GICS_SECTOR_NAME[Financials],-0.0015,0.0,-7.712000000000001,0.0,-0.002,-0.001
2002 beta:GICS_SECTOR_NAME[Health Care],-0.0022,0.0,-7.41,0.0,-0.003,-0.002
2002 beta:GICS_SECTOR_NAME[Industrials],-0.0016,0.0,-6.881,0.0,-0.002,-0.001
2002 beta:GICS_SECTOR_NAME[Information Technology],-0.0016,0.0,-12.142000000000001,0.0,-0.002,-0.001
2002 beta:GICS_SECTOR_NAME[Materials],-0.0013,0.0,-4.559,0.0,-0.002,-0.001
2002 beta:GICS_SECTOR_NAME[Real Estate],-0.0019,0.001,-2.399,0.017,-0.003,-0.0
2002 beta:GICS_SECTOR_NAME[Utilities],-0.0023,0.0,-7.296,0.0,-0.003,-0.002
2002 Intercept,0.001,0.0,6.745,0.0,0.001,0.001
2002 beta:BICS_LEVEL_1_SECTOR_NAME[Communications],-0.0014,0.0,-7.007999999999999,0.0,-0.002,-0.001
2002 beta:BICS_LEVEL_1_SECTOR_NAME[Consumer Discretionary],-0.0015,0.0,-7.309,0.0,-0.002,-0.001
2002 beta:BICS_LEVEL_1_SECTOR_NAME[Consumer Staples],-0.0019,0.0,-4.9639999999999995,0.0,-0.003,-0.001
2002 beta:BICS_LEVEL_1_SECTOR_NAME[Energy],-0.0013,0.0,-5.888999999999999,0.0,-0.002,-0.001
2002 beta:BICS_LEVEL_1_SECTOR_NAME[Financials],-0.0012,0.0,-6.817,0.0,-0.002,-0.001
2002 beta:BICS_LEVEL_1_SECTOR_NAME[Health Care],-0.0021,0.0,-8.297,0.0,-0.003,-0.002
2002 beta:BICS_LEVEL_1_SECTOR_NAME[Industrials],-0.0015,0.0,-7.303,0.0,-0.002,-0.001
2002 beta:BICS_LEVEL_1_SECTOR_NAME[Materials],-0.0012,0.0,-4.627,0.0,-0.002,-0.001
2002 beta:BICS_LEVEL_1_SECTOR_NAME[Real Estate],-0.0019,0.001,-2.36,0.019,-0.004,-0.0
2002 beta:BICS_LEVEL_1_SECTOR_NAME[Technology],-0.0016,0.0,-13.290999999999999,0.0,-0.002,-0.001
2002 beta:BICS_LEVEL_1_SECTOR_NAME[Utilities],-0.0024,0.0,-10.211,0.0,-0.003,-0.002
2003 Intercept,0.0004,0.0,2.4090000000000003,0.016,6.979999999999999e-05,0.001
2003 beta:Cluster[Cluster 0],0.0005,0.0,2.32,0.021,7.92e-05,0.001
2003 beta:Cluster[Cluster 1],0.0009,0.0,4.9719999999999995,0.0,0.001,0.001
2003 beta:Cluster[Cluster 10],0.0006,0.0,3.577,0.0,0.0,0.001
2003 beta:Cluster[Cluster 2],0.0004,0.0,1.889,0.06,-1.8100000000000003e-05,0.001
2003 beta:Cluster[Cluster 3],0.0012,0.0,10.092,0.0,0.001,0.001
2003 beta:Cluster[Cluster 4],0.0013,0.0,8.418,0.0,0.001,0.002
2003 beta:Cluster[Cluster 5],0.0007,0.0,1.636,0.10300000000000001,-0.0,0.001
2003 beta:Cluster[Cluster 6],0.0008,0.0,3.139,0.002,0.0,0.001
2003 beta:Cluster[Cluster 7],0.0009,0.0,5.003,0.0,0.001,0.001
2003 beta:Cluster[Cluster 8],0.0015,0.0,3.287,0.001,0.001,0.002
2003 beta:Cluster[Cluster 9],0.0003,0.0,0.965,0.335,-0.0,0.001
2003 Intercept,-0.0002,0.0,-1.181,0.23800000000000002,-0.001,0.0
2003 beta:GICS_SECTOR_NAME[Communication Services],0.0012,0.0,5.6339999999999995,0.0,0.001,0.002
2003 beta:GICS_SECTOR_NAME[Consumer Discretionary],0.0014,0.0,7.53,0.0,0.001,0.002
2003 beta:GICS_SECTOR_NAME[Consumer Staples],0.0012,0.0,3.6919999999999997,0.0,0.001,0.002
2003 beta:GICS_SECTOR_NAME[Energy],0.0029,0.0,5.977,0.0,0.002,0.004
2003 beta:GICS_SECTOR_NAME[Financials],0.001,0.0,5.9079999999999995,0.0,0.001,0.001
2003 beta:GICS_SECTOR_NAME[Health Care],0.0016,0.0,6.263,0.0,0.001,0.002
2003 beta:GICS_SECTOR_NAME[Industrials],0.0014,0.0,6.962999999999999,0.0,0.001,0.002
2003 beta:GICS_SECTOR_NAME[Information Technology],0.0015,0.0,12.083,0.0,0.001,0.002
2003 beta:GICS_SECTOR_NAME[Materials],0.0016,0.0,7.019,0.0,0.001,0.002
2003 beta:GICS_SECTOR_NAME[Real Estate],0.0013,0.001,2.255,0.025,0.0,0.002
2003 beta:GICS_SECTOR_NAME[Utilities],0.0015,0.0,4.882,0.0,0.001,0.002
2003 Intercept,0.0002,0.0,1.075,0.28300000000000003,-0.0,0.0
2003 beta:BICS_LEVEL_1_SECTOR_NAME[Communications],0.0008,0.0,4.408,0.0,0.0,0.001
2003 beta:BICS_LEVEL_1_SECTOR_NAME[Consumer Discretionary],0.0011,0.0,6.664,0.0,0.001,0.001
2003 beta:BICS_LEVEL_1_SECTOR_NAME[Consumer Staples],0.0006,0.0,2.329,0.02,0.0,0.001
2003 beta:BICS_LEVEL_1_SECTOR_NAME[Energy],0.0016,0.0,5.2829999999999995,0.0,0.001,0.002
2003 beta:BICS_LEVEL_1_SECTOR_NAME[Financials],0.0008,0.0,5.072,0.0,0.0,0.001
2003 beta:BICS_LEVEL_1_SECTOR_NAME[Health Care],0.0012,0.0,5.459,0.0,0.001,0.002
2003 beta:BICS_LEVEL_1_SECTOR_NAME[Industrials],0.001,0.0,5.792000000000001,0.0,0.001,0.001
2003 beta:BICS_LEVEL_1_SECTOR_NAME[Materials],0.0013,0.0,6.178999999999999,0.0,0.001,0.002
2003 beta:BICS_LEVEL_1_SECTOR_NAME[Real Estate],0.0009,0.001,1.56,0.11900000000000001,-0.0,0.002
2003 beta:BICS_LEVEL_1_SECTOR_NAME[Technology],0.0013,0.0,11.947000000000001,0.0,0.001,0.002
2003 beta:BICS_LEVEL_1_SECTOR_NAME[Utilities],0.0013,0.0,4.758,0.0,0.001,0.002
2004 Intercept,0.0003,0.0,2.09,0.037000000000000005,1.64e-05,0.001
2004 beta:Cluster[Cluster 0],0.0003,0.0,1.401,0.162,-0.0,0.001
2004 beta:Cluster[Cluster 1],0.0005,0.0,3.031,0.003,0.0,0.001
2004 beta:Cluster[Cluster 10],0.0007,0.0,1.883,0.06,-2.9299999999999997e-05,0.001
2004 beta:Cluster[Cluster 2],0.0014,0.0,5.519,0.0,0.001,0.002
2004 beta:Cluster[Cluster 3],0.0007,0.0,2.252,0.025,8.8e-05,0.001
2004 beta:Cluster[Cluster 4],0.0005,0.0,3.06,0.002,0.0,0.001
2004 beta:Cluster[Cluster 5],-7.465e-05,8.75e-05,-0.853,0.39399999999999996,-0.0,9.740000000000001e-05
2004 beta:Cluster[Cluster 6],0.0004,0.0,3.304,0.001,0.0,0.001
2004 beta:Cluster[Cluster 7],1.957e-05,0.0,0.10300000000000001,0.9179999999999999,-0.0,0.0
2004 beta:Cluster[Cluster 8],0.0005,0.0,3.593,0.0,0.0,0.001
2004 beta:Cluster[Cluster 9],0.0002,0.0,1.495,0.136,-7.38e-05,0.001
2004 Intercept,0.0004,0.0,2.62,0.009000000000000001,9.779999999999999e-05,0.001
2004 beta:GICS_SECTOR_NAME[Communication Services],7.658e-05,0.0,0.345,0.73,-0.0,0.001
2004 beta:GICS_SECTOR_NAME[Consumer Discretionary],0.0005,0.0,3.158,0.002,0.0,0.001
2004 beta:GICS_SECTOR_NAME[Consumer Staples],0.0002,0.0,0.562,0.575,-0.0,0.001
2004 beta:GICS_SECTOR_NAME[Energy],0.0013,0.0,4.2780000000000005,0.0,0.001,0.002
2004 beta:GICS_SECTOR_NAME[Financials],7.769e-05,0.0,0.43799999999999994,0.662,-0.0,0.0
2004 beta:GICS_SECTOR_NAME[Health Care],0.0003,0.0,1.382,0.168,-0.0,0.001
2004 beta:GICS_SECTOR_NAME[Industrials],0.0004,0.0,2.351,0.019,6.6e-05,0.001
2004 beta:GICS_SECTOR_NAME[Information Technology],-3.973e-05,0.0,-0.364,0.716,-0.0,0.0
2004 beta:GICS_SECTOR_NAME[Materials],0.0005,0.0,2.948,0.003,0.0,0.001
2004 beta:GICS_SECTOR_NAME[Real Estate],0.0004,0.0,0.924,0.35600000000000004,-0.0,0.001
2004 beta:GICS_SECTOR_NAME[Utilities],0.0005,0.0,1.4569999999999999,0.146,-0.0,0.001
2004 Intercept,0.0007,0.0,5.859,0.0,0.0,0.001
2004 beta:BICS_LEVEL_1_SECTOR_NAME[Communications],-0.0003,0.0,-1.746,0.081,-0.001,3.9200000000000004e-05
2004 beta:BICS_LEVEL_1_SECTOR_NAME[Consumer Discretionary],0.0002,0.0,1.264,0.207,-9.329999999999999e-05,0.0
2004 beta:BICS_LEVEL_1_SECTOR_NAME[Consumer Staples],-0.0003,0.0,-1.2329999999999999,0.218,-0.001,0.0
2004 beta:BICS_LEVEL_1_SECTOR_NAME[Energy],0.0005,0.0,2.383,0.018000000000000002,8.65e-05,0.001
2004 beta:BICS_LEVEL_1_SECTOR_NAME[Financials],-0.0002,0.0,-1.186,0.23600000000000002,-0.0,0.0
2004 beta:BICS_LEVEL_1_SECTOR_NAME[Health Care],-0.0001,0.0,-0.701,0.484,-0.0,0.0
2004 beta:BICS_LEVEL_1_SECTOR_NAME[Industrials],-4.762e-05,0.0,-0.35,0.726,-0.0,0.0
2004 beta:BICS_LEVEL_1_SECTOR_NAME[Materials],0.0002,0.0,1.315,0.18899999999999997,-8.740000000000001e-05,0.0
2004 beta:BICS_LEVEL_1_SECTOR_NAME[Real Estate],0.0002,0.0,0.42,0.675,-0.001,0.001
2004 beta:BICS_LEVEL_1_SECTOR_NAME[Technology],-0.0002,8.82e-05,-2.4419999999999997,0.015,-0.0,-4.2e-05
2004 beta:BICS_LEVEL_1_SECTOR_NAME[Utilities],-5.965e-05,0.0,-0.244,0.807,-0.001,0.0
2005 Intercept,-0.0003,0.0,-1.8940000000000001,0.059000000000000004,-0.001,1.05e-05
2005 beta:Cluster[Cluster 0],0.0005,0.0,3.951,0.0,0.0,0.001
2005 beta:Cluster[Cluster 1],0.0015,0.0,6.377999999999999,0.0,0.001,0.002
2005 beta:Cluster[Cluster 10],0.0009,0.0,4.263999999999999,0.0,0.0,0.001
2005 beta:Cluster[Cluster 2],0.0017,0.0,11.045,0.0,0.001,0.002
2005 beta:Cluster[Cluster 3],0.0006,0.0,2.753,0.006,0.0,0.001
2005 beta:Cluster[Cluster 4],0.0005,0.0,3.036,0.003,0.0,0.001
2005 beta:Cluster[Cluster 5],0.0005,0.0,3.842,0.0,0.0,0.001
2005 beta:Cluster[Cluster 6],-1.194e-05,0.0,-0.07400000000000001,0.941,-0.0,0.0
2005 beta:Cluster[Cluster 7],0.0005,0.0,2.667,0.008,0.0,0.001
2005 beta:Cluster[Cluster 8],0.0005,0.0,3.145,0.002,0.0,0.001
2005 beta:Cluster[Cluster 9],0.0007,0.0,3.1489999999999996,0.002,0.0,0.001
2005 Intercept,-0.0007,0.0,-3.843,0.0,-0.001,-0.0
2005 beta:GICS_SECTOR_NAME[Communication Services],0.0004,0.0,1.412,0.159,-0.0,0.001
2005 beta:GICS_SECTOR_NAME[Consumer Discretionary],0.0007,0.0,4.456,0.0,0.0,0.001
2005 beta:GICS_SECTOR_NAME[Consumer Staples],0.0009,0.0,3.3080000000000003,0.001,0.0,0.002
2005 beta:GICS_SECTOR_NAME[Energy],0.0019,0.0,11.062000000000001,0.0,0.002,0.002
2005 beta:GICS_SECTOR_NAME[Financials],0.001,0.0,5.462000000000001,0.0,0.001,0.001
2005 beta:GICS_SECTOR_NAME[Health Care],0.0014,0.0,6.312,0.0,0.001,0.002
2005 beta:GICS_SECTOR_NAME[Industrials],0.0008,0.0,4.414,0.0,0.0,0.001
2005 beta:GICS_SECTOR_NAME[Information Technology],0.0007,0.0,4.352,0.0,0.0,0.001
2005 beta:GICS_SECTOR_NAME[Materials],0.0008,0.0,4.765,0.0,0.0,0.001
2005 beta:GICS_SECTOR_NAME[Real Estate],0.0009,0.0,2.91,0.004,0.0,0.002
2005 beta:GICS_SECTOR_NAME[Utilities],0.0012,0.0,5.207999999999999,0.0,0.001,0.002
2005 Intercept,-0.0004,0.0,-2.926,0.004,-0.001,-0.0
2005 beta:BICS_LEVEL_1_SECTOR_NAME[Communications],0.0003,0.0,1.065,0.287,-0.0,0.001
2005 beta:BICS_LEVEL_1_SECTOR_NAME[Consumer Discretionary],0.0004,0.0,3.238,0.001,0.0,0.001
2005 beta:BICS_LEVEL_1_SECTOR_NAME[Consumer Staples],0.0005,0.0,2.364,0.018000000000000002,9.09e-05,0.001
2005 beta:BICS_LEVEL_1_SECTOR_NAME[Energy],0.0018,0.0,11.639000000000001,0.0,0.002,0.002
2005 beta:BICS_LEVEL_1_SECTOR_NAME[Financials],0.0008,0.0,4.611000000000001,0.0,0.0,0.001
2005 beta:BICS_LEVEL_1_SECTOR_NAME[Health Care],0.0012,0.0,6.218,0.0,0.001,0.002
2005 beta:BICS_LEVEL_1_SECTOR_NAME[Industrials],0.0006,0.0,3.905,0.0,0.0,0.001
2005 beta:BICS_LEVEL_1_SECTOR_NAME[Materials],0.0007,0.0,4.244,0.0,0.0,0.001
2005 beta:BICS_LEVEL_1_SECTOR_NAME[Real Estate],0.0007,0.0,2.6839999999999997,0.008,0.0,0.001
2005 beta:BICS_LEVEL_1_SECTOR_NAME[Technology],0.0005,0.0,3.721,0.0,0.0,0.001
2005 beta:BICS_LEVEL_1_SECTOR_NAME[Utilities],0.001,0.0,4.978,0.0,0.001,0.001
2006 Intercept,0.0006,0.0,5.0760000000000005,0.0,0.0,0.001
2006 beta:Cluster[Cluster 0],-3.454e-05,0.0,-0.21100000000000002,0.833,-0.0,0.0
2006 beta:Cluster[Cluster 1],-0.0001,9.19e-05,-1.167,0.244,-0.0,7.340000000000001e-05
2006 beta:Cluster[Cluster 10],-3.693e-06,0.0,-0.032,0.975,-0.0,0.0
2006 beta:Cluster[Cluster 3],-1.978e-05,0.0,-0.142,0.887,-0.0,0.0
2006 beta:Cluster[Cluster 4],-0.0002,0.0,-1.4909999999999999,0.13699999999999998,-0.0,5.3e-05
2006 beta:Cluster[Cluster 5],7.836e-05,0.0,0.289,0.772,-0.0,0.001
2006 beta:Cluster[Cluster 6],1.608e-05,0.0,0.11199999999999999,0.9109999999999999,-0.0,0.0
2006 beta:Cluster[Cluster 7],6.114e-05,0.0,0.442,0.6579999999999999,-0.0,0.0
2006 beta:Cluster[Cluster 8],-0.0008,0.0,-3.6260000000000003,0.0,-0.001,-0.0
2006 beta:Cluster[Cluster 9],0.0003,9.49e-05,2.66,0.008,6.6e-05,0.0
2006 beta:Cluster[Cluster_NO_MAP_Cluster 2],0.0016,0.0,3.4360000000000004,0.001,0.001,0.002
2006 Intercept,0.0004,0.0,3.178,0.002,0.0,0.001
2006 beta:GICS_SECTOR_NAME[Communication Services],0.0003,0.0,1.663,0.09699999999999999,-6.0299999999999995e-05,0.001
2006 beta:GICS_SECTOR_NAME[Consumer Discretionary],6.18e-05,0.0,0.512,0.609,-0.0,0.0
2006 beta:GICS_SECTOR_NAME[Consumer Staples],5.702e-05,0.0,0.239,0.8109999999999999,-0.0,0.001
2006 beta:GICS_SECTOR_NAME[Energy],-7.515e-05,0.0,-0.575,0.5660000000000001,-0.0,0.0
2006 beta:GICS_SECTOR_NAME[Financials],0.0001,0.0,1.045,0.297,-0.0,0.0
2006 beta:GICS_SECTOR_NAME[Health Care],4.77e-05,0.0,0.28300000000000003,0.777,-0.0,0.0
2006 beta:GICS_SECTOR_NAME[Industrials],0.0003,0.0,2.134,0.033,2.14e-05,0.001
2006 beta:GICS_SECTOR_NAME[Information Technology],3.277e-05,9.46e-05,0.34700000000000003,0.7290000000000001,-0.0,0.0
2006 beta:GICS_SECTOR_NAME[Materials],0.0005,0.0,3.678,0.0,0.0,0.001
2006 beta:GICS_SECTOR_NAME[Real Estate],0.0008,0.0,3.523,0.0,0.0,0.001
2006 beta:GICS_SECTOR_NAME[Utilities],0.0003,0.0,1.0390000000000001,0.299,-0.0,0.001
2006 Intercept,0.0004,0.0,3.411,0.001,0.0,0.001
2006 beta:BICS_LEVEL_1_SECTOR_NAME[Communications],0.0004,0.0,2.241,0.025,4.94e-05,0.001
2006 beta:BICS_LEVEL_1_SECTOR_NAME[Consumer Discretionary],5.3700000000000004e-05,0.0,0.48700000000000004,0.626,-0.0,0.0
2006 beta:BICS_LEVEL_1_SECTOR_NAME[Consumer Staples],0.0003,0.0,1.2670000000000001,0.20600000000000002,-0.0,0.001
2006 beta:BICS_LEVEL_1_SECTOR_NAME[Energy],-9.797e-05,0.0,-0.8029999999999999,0.42200000000000004,-0.0,0.0
2006 beta:BICS_LEVEL_1_SECTOR_NAME[Financials],0.0002,0.0,1.58,0.115,-4.6700000000000003e-05,0.0
2006 beta:BICS_LEVEL_1_SECTOR_NAME[Health Care],-3.75e-06,0.0,-0.025,0.98,-0.0,0.0
2006 beta:BICS_LEVEL_1_SECTOR_NAME[Industrials],0.0003,0.0,2.57,0.01,6.73e-05,0.001
2006 beta:BICS_LEVEL_1_SECTOR_NAME[Materials],0.0005,0.0,4.365,0.0,0.0,0.001
2006 beta:BICS_LEVEL_1_SECTOR_NAME[Real Estate],0.0009,0.0,4.387,0.0,0.0,0.001
2006 beta:BICS_LEVEL_1_SECTOR_NAME[Technology],3.66e-05,8.65e-05,0.423,0.672,-0.0,0.0
2006 beta:BICS_LEVEL_1_SECTOR_NAME[Utilities],0.0005,0.0,1.8630000000000002,0.063,-2.5e-05,0.001
2007 Intercept,0.0003,0.0,1.306,0.192,-0.0,0.001
2007 beta:Cluster[Cluster 0],0.0005,0.0,2.4659999999999997,0.013999999999999999,9.520000000000001e-05,0.001
2007 beta:Cluster[Cluster 1],-0.001,0.0,-4.413,0.0,-0.001,-0.001
2007 beta:Cluster[Cluster 10],0.0003,0.0,0.958,0.33799999999999997,-0.0,0.001
2007 beta:Cluster[Cluster 2],0.0009,0.001,1.483,0.139,-0.0,0.002
2007 beta:Cluster[Cluster 3],4.103e-05,0.0,0.166,0.868,-0.0,0.001
2007 beta:Cluster[Cluster 4],0.0013,0.0,5.55,0.0,0.001,0.002
2007 beta:Cluster[Cluster 5],0.0001,0.0,0.38799999999999996,0.698,-0.001,0.001
2007 beta:Cluster[Cluster 6],-0.0002,0.0,-1.022,0.307,-0.001,0.0
2007 beta:Cluster[Cluster 7],-0.0008,0.0,-3.366,0.001,-0.001,-0.0
2007 beta:Cluster[Cluster 8],-0.0007,0.0,-2.231,0.026000000000000002,-0.001,-7.780000000000001e-05
2007 beta:Cluster[Cluster 9],-0.0013,0.0,-7.718,0.0,-0.002,-0.001
2007 Intercept,-0.0002,0.0,-0.613,0.54,-0.001,0.0
2007 beta:GICS_SECTOR_NAME[Communication Services],-0.0002,0.0,-0.423,0.6729999999999999,-0.001,0.001
2007 beta:GICS_SECTOR_NAME[Consumer Discretionary],-0.0005,0.0,-1.871,0.062,-0.001,2.4e-05
2007 beta:GICS_SECTOR_NAME[Consumer Staples],0.0005,0.0,1.139,0.256,-0.0,0.001
2007 beta:GICS_SECTOR_NAME[Energy],0.0018,0.0,6.263,0.0,0.001,0.002
2007 beta:GICS_SECTOR_NAME[Financials],-0.0004,0.0,-2.14,0.033,-0.001,-3.53e-05
2007 beta:GICS_SECTOR_NAME[Health Care],0.0008,0.0,2.043,0.042,3.06e-05,0.002
2007 beta:GICS_SECTOR_NAME[Industrials],0.0009,0.0,3.445,0.001,0.0,0.001
2007 beta:GICS_SECTOR_NAME[Information Technology],0.0004,0.0,1.273,0.204,-0.0,0.001
2007 beta:GICS_SECTOR_NAME[Materials],0.0007,0.0,2.4659999999999997,0.013999999999999999,0.0,0.001
2007 beta:GICS_SECTOR_NAME[Real Estate],-0.0005,0.0,-1.642,0.10099999999999999,-0.001,8.94e-05
2007 beta:GICS_SECTOR_NAME[Utilities],0.0006,0.0,1.75,0.081,-8e-05,0.001
2007 Intercept,0.0002,0.0,1.0,0.318,-0.0,0.001
2007 beta:BICS_LEVEL_1_SECTOR_NAME[Communications],-0.0005,0.0,-1.297,0.195,-0.001,0.0
2007 beta:BICS_LEVEL_1_SECTOR_NAME[Consumer Discretionary],-0.001,0.0,-4.236000000000001,0.0,-0.001,-0.001
2007 beta:BICS_LEVEL_1_SECTOR_NAME[Consumer Staples],-0.0002,0.0,-0.539,0.59,-0.001,0.0
2007 beta:BICS_LEVEL_1_SECTOR_NAME[Energy],0.0014,0.0,5.412999999999999,0.0,0.001,0.002
2007 beta:BICS_LEVEL_1_SECTOR_NAME[Financials],-0.0009,0.0,-4.816,0.0,-0.001,-0.001
2007 beta:BICS_LEVEL_1_SECTOR_NAME[Health Care],0.0003,0.0,0.7340000000000001,0.46299999999999997,-0.0,0.001
2007 beta:BICS_LEVEL_1_SECTOR_NAME[Industrials],0.0006,0.0,2.362,0.019,9.83e-05,0.001
2007 beta:BICS_LEVEL_1_SECTOR_NAME[Materials],0.0003,0.0,1.364,0.17300000000000001,-0.0,0.001
2007 beta:BICS_LEVEL_1_SECTOR_NAME[Real Estate],-0.0007,0.0,-2.531,0.012,-0.001,-0.0
2007 beta:BICS_LEVEL_1_SECTOR_NAME[Technology],-0.0003,0.0,-1.147,0.252,-0.001,0.0
2007 beta:BICS_LEVEL_1_SECTOR_NAME[Utilities],0.0003,0.0,0.807,0.42,-0.0,0.001
2008 Intercept,0.0003,0.0,1.5490000000000002,0.122,-9.37e-05,0.001
2008 beta:Cluster[Cluster 0],-0.0009,0.0,-4.16,0.0,-0.001,-0.0
2008 beta:Cluster[Cluster 1],-0.0023,0.0,-8.071,0.0,-0.003,-0.002
2008 beta:Cluster[Cluster 10],-0.0018,0.0,-7.287999999999999,0.0,-0.002,-0.001
2008 beta:Cluster[Cluster 2],-0.0011,0.0,-3.968,0.0,-0.002,-0.001
2008 beta:Cluster[Cluster 3],-0.0014,0.0,-6.954,0.0,-0.002,-0.001
2008 beta:Cluster[Cluster 4],-0.0017,0.0,-4.271,0.0,-0.002,-0.001
2008 beta:Cluster[Cluster 5],-0.0011,0.0,-3.845,0.0,-0.002,-0.001
2008 beta:Cluster[Cluster 6],-0.0019,0.0,-4.779,0.0,-0.003,-0.001
2008 beta:Cluster[Cluster 7],-0.0017,0.0,-7.648,0.0,-0.002,-0.001
2008 beta:Cluster[Cluster 8],-0.0009,0.0,-4.626,0.0,-0.001,-0.0
2008 beta:Cluster[Cluster 9],-0.0012,0.0,-4.2669999999999995,0.0,-0.002,-0.001
2008 Intercept,0.0011,0.0,3.8760000000000003,0.0,0.001,0.002
2008 beta:GICS_SECTOR_NAME[Communication Services],-0.0028,0.0,-7.236000000000001,0.0,-0.004,-0.002
2008 beta:GICS_SECTOR_NAME[Consumer Discretionary],-0.002,0.0,-7.046,0.0,-0.003,-0.001
2008 beta:GICS_SECTOR_NAME[Consumer Staples],-0.0031,0.001,-6.063,0.0,-0.004,-0.002
2008 beta:GICS_SECTOR_NAME[Energy],-0.0018,0.0,-7.388,0.0,-0.002,-0.001
2008 beta:GICS_SECTOR_NAME[Financials],-0.0014,0.0,-7.479,0.0,-0.002,-0.001
2008 beta:GICS_SECTOR_NAME[Health Care],-0.0029,0.0,-6.7989999999999995,0.0,-0.004,-0.002
2008 beta:GICS_SECTOR_NAME[Industrials],-0.0023,0.0,-7.407,0.0,-0.003,-0.002
2008 beta:GICS_SECTOR_NAME[Information Technology],-0.0027,0.0,-8.824,0.0,-0.003,-0.002
2008 beta:GICS_SECTOR_NAME[Materials],-0.0022,0.0,-7.462000000000001,0.0,-0.003,-0.002
2008 beta:GICS_SECTOR_NAME[Real Estate],-0.0013,0.0,-4.854,0.0,-0.002,-0.001
2008 beta:GICS_SECTOR_NAME[Utilities],-0.0025,0.0,-5.695,0.0,-0.003,-0.002
2008 Intercept,0.0008,0.0,3.3,0.001,0.0,0.001
2008 beta:BICS_LEVEL_1_SECTOR_NAME[Communications],-0.0026,0.0,-7.945,0.0,-0.003,-0.002
2008 beta:BICS_LEVEL_1_SECTOR_NAME[Consumer Discretionary],-0.0018,0.0,-7.108,0.0,-0.002,-0.001
2008 beta:BICS_LEVEL_1_SECTOR_NAME[Consumer Staples],-0.0023,0.0,-5.3,0.0,-0.003,-0.001
2008 beta:BICS_LEVEL_1_SECTOR_NAME[Energy],-0.0018,0.0,-7.627999999999999,0.0,-0.002,-0.001
2008 beta:BICS_LEVEL_1_SECTOR_NAME[Financials],-0.0012,0.0,-7.216,0.0,-0.002,-0.001
2008 beta:BICS_LEVEL_1_SECTOR_NAME[Health Care],-0.0026,0.0,-6.557,0.0,-0.003,-0.002
2008 beta:BICS_LEVEL_1_SECTOR_NAME[Industrials],-0.0022,0.0,-7.385,0.0,-0.003,-0.002
2008 beta:BICS_LEVEL_1_SECTOR_NAME[Materials],-0.0019,0.0,-7.172999999999999,0.0,-0.002,-0.001
2008 beta:BICS_LEVEL_1_SECTOR_NAME[Real Estate],-0.0011,0.0,-4.541,0.0,-0.002,-0.001
2008 beta:BICS_LEVEL_1_SECTOR_NAME[Technology],-0.0024,0.0,-8.238999999999999,0.0,-0.003,-0.002
2008 beta:BICS_LEVEL_1_SECTOR_NAME[Utilities],-0.0024,0.0,-6.007000000000001,0.0,-0.003,-0.002
2009 Intercept,-0.0002,0.0,-1.216,0.225,-0.001,0.0
2009 beta:Cluster[Cluster 0],0.0011,0.001,2.235,0.026000000000000002,0.0,0.002
2009 beta:Cluster[Cluster 1],0.0014,0.0,9.56,0.0,0.001,0.002
2009 beta:Cluster[Cluster 10],0.0015,0.0,4.382,0.0,0.001,0.002
2009 beta:Cluster[Cluster 2],0.0028,0.001,2.062,0.04,0.0,0.005
2009 beta:Cluster[Cluster 3],0.0014,0.0,9.168,0.0,0.001,0.002
2009 beta:Cluster[Cluster 4],0.0011,9.15e-05,11.835,0.0,0.001,0.001
2009 beta:Cluster[Cluster 5],0.002,0.0,10.081,0.0,0.002,0.002
2009 beta:Cluster[Cluster 6],0.0019,0.0,9.062000000000001,0.0,0.001,0.002
2009 beta:Cluster[Cluster 7],0.0023,0.0,10.354000000000001,0.0,0.002,0.003
2009 beta:Cluster[Cluster 8],0.0021,0.0,6.281000000000001,0.0,0.001,0.003
2009 beta:Cluster[Cluster 9],0.0011,0.0,2.363,0.019,0.0,0.002
2009 Intercept,-0.0004,0.0,-2.674,0.008,-0.001,-0.0
2009 beta:GICS_SECTOR_NAME[Communication Services],0.0016,0.0,7.69,0.0,0.001,0.002
2009 beta:GICS_SECTOR_NAME[Consumer Discretionary],0.002,0.0,12.979000000000001,0.0,0.002,0.002
2009 beta:GICS_SECTOR_NAME[Consumer Staples],0.0022,0.0,5.867999999999999,0.0,0.001,0.003
2009 beta:GICS_SECTOR_NAME[Energy],0.0016,0.0,9.023,0.0,0.001,0.002
2009 beta:GICS_SECTOR_NAME[Financials],0.0012,8.96e-05,13.03,0.0,0.001,0.001
2009 beta:GICS_SECTOR_NAME[Health Care],0.0026,0.0,9.038,0.0,0.002,0.003
2009 beta:GICS_SECTOR_NAME[Industrials],0.0013,0.0,7.315,0.0,0.001,0.002
2009 beta:GICS_SECTOR_NAME[Information Technology],0.0023,0.0,12.144,0.0,0.002,0.003
2009 beta:GICS_SECTOR_NAME[Materials],0.0018,0.0,10.012,0.0,0.001,0.002
2009 beta:GICS_SECTOR_NAME[Real Estate],0.0013,0.0,8.732000000000001,0.0,0.001,0.002
2009 beta:GICS_SECTOR_NAME[Utilities],0.0015,0.0,3.972,0.0,0.001,0.002
2009 Intercept,-0.0005,0.0,-3.0039999999999996,0.003,-0.001,-0.0
2009 beta:BICS_LEVEL_1_SECTOR_NAME[Communications],0.0019,0.0,9.331,0.0,0.001,0.002
2009 beta:BICS_LEVEL_1_SECTOR_NAME[Consumer Discretionary],0.0019,0.0,12.578,0.0,0.002,0.002
2009 beta:BICS_LEVEL_1_SECTOR_NAME[Consumer Staples],0.0022,0.0,6.601,0.0,0.002,0.003
2009 beta:BICS_LEVEL_1_SECTOR_NAME[Energy],0.0015,0.0,8.806000000000001,0.0,0.001,0.002
2009 beta:BICS_LEVEL_1_SECTOR_NAME[Financials],0.0011,8.73e-05,13.007,0.0,0.001,0.001
2009 beta:BICS_LEVEL_1_SECTOR_NAME[Health Care],0.0026,0.0,9.594,0.0,0.002,0.003
2009 beta:BICS_LEVEL_1_SECTOR_NAME[Industrials],0.0013,0.0,7.847,0.0,0.001,0.002
2009 beta:BICS_LEVEL_1_SECTOR_NAME[Materials],0.0018,0.0,11.140999999999998,0.0,0.001,0.002
2009 beta:BICS_LEVEL_1_SECTOR_NAME[Real Estate],0.0012,0.0,9.009,0.0,0.001,0.001
2009 beta:BICS_LEVEL_1_SECTOR_NAME[Technology],0.0025,0.0,13.309000000000001,0.0,0.002,0.003
2009 beta:BICS_LEVEL_1_SECTOR_NAME[Utilities],0.0015,0.0,4.192,0.0,0.001,0.002
2010 Intercept,0.0011,0.0,5.649,0.0,0.001,0.001
2010 beta:Cluster[Cluster 0],-0.0013,0.0,-4.481,0.0,-0.002,-0.001
2010 beta:Cluster[Cluster 1],-0.0015,0.0,-6.683,0.0,-0.002,-0.001
2010 beta:Cluster[Cluster 10],-0.0015,0.0,-4.923,0.0,-0.002,-0.001
2010 beta:Cluster[Cluster 2],-0.0019,0.0,-3.79,0.0,-0.003,-0.001
2010 beta:Cluster[Cluster 3],-0.0022,0.0,-5.528,0.0,-0.003,-0.001
2010 beta:Cluster[Cluster 4],-0.0024,0.0,-6.6339999999999995,0.0,-0.003,-0.002
2010 beta:Cluster[Cluster 5],-0.0016,0.0,-4.013,0.0,-0.002,-0.001
2010 beta:Cluster[Cluster 6],-0.0024,0.001,-4.296,0.0,-0.003,-0.001
2010 beta:Cluster[Cluster 7],-0.0014,0.0,-7.187,0.0,-0.002,-0.001
2010 beta:Cluster[Cluster 8],-0.0017,0.0,-7.138999999999999,0.0,-0.002,-0.001
2010 beta:Cluster[Cluster 9],-0.0015,0.0,-6.041,0.0,-0.002,-0.001
2010 Intercept,0.0011,0.0,5.726,0.0,0.001,0.001
2010 beta:GICS_SECTOR_NAME[Communication Services],-0.0014,0.0,-4.856,0.0,-0.002,-0.001
2010 beta:GICS_SECTOR_NAME[Consumer Discretionary],-0.0017,0.0,-6.47,0.0,-0.002,-0.001
2010 beta:GICS_SECTOR_NAME[Consumer Staples],-0.0025,0.001,-4.808,0.0,-0.004,-0.001
2010 beta:GICS_SECTOR_NAME[Energy],-0.0012,0.0,-4.446000000000001,0.0,-0.002,-0.001
2010 beta:GICS_SECTOR_NAME[Financials],-0.0014,0.0,-6.517,0.0,-0.002,-0.001
2010 beta:GICS_SECTOR_NAME[Health Care],-0.0021,0.0,-6.468999999999999,0.0,-0.003,-0.001
2010 beta:GICS_SECTOR_NAME[Industrials],-0.0014,0.0,-5.441,0.0,-0.002,-0.001
2010 beta:GICS_SECTOR_NAME[Information Technology],-0.0015,0.0,-7.327999999999999,0.0,-0.002,-0.001
2010 beta:GICS_SECTOR_NAME[Materials],-0.0013,0.0,-4.39,0.0,-0.002,-0.001
2010 beta:GICS_SECTOR_NAME[Real Estate],-0.0018,0.001,-2.371,0.019,-0.003,-0.0
2010 beta:GICS_SECTOR_NAME[Utilities],-0.0022,0.0,-6.9879999999999995,0.0,-0.003,-0.002
2010 Intercept,0.0011,0.0,5.562,0.0,0.001,0.001
2010 beta:BICS_LEVEL_1_SECTOR_NAME[Communications],-0.0012,0.0,-4.505,0.0,-0.002,-0.001
2010 beta:BICS_LEVEL_1_SECTOR_NAME[Consumer Discretionary],-0.0017,0.0,-6.401,0.0,-0.002,-0.001
2010 beta:BICS_LEVEL_1_SECTOR_NAME[Consumer Staples],-0.0019,0.0,-4.295,0.0,-0.003,-0.001
2010 beta:BICS_LEVEL_1_SECTOR_NAME[Energy],-0.0015,0.0,-5.8870000000000005,0.0,-0.002,-0.001
2010 beta:BICS_LEVEL_1_SECTOR_NAME[Financials],-0.0014,0.0,-6.314,0.0,-0.002,-0.001
2010 beta:BICS_LEVEL_1_SECTOR_NAME[Health Care],-0.002,0.0,-6.215,0.0,-0.003,-0.001
2010 beta:BICS_LEVEL_1_SECTOR_NAME[Industrials],-0.0013,0.0,-5.102,0.0,-0.002,-0.001
2010 beta:BICS_LEVEL_1_SECTOR_NAME[Materials],-0.0013,0.0,-4.14,0.0,-0.002,-0.001
2010 beta:BICS_LEVEL_1_SECTOR_NAME[Real Estate],-0.0017,0.001,-2.1919999999999997,0.028999999999999998,-0.003,-0.0
2010 beta:BICS_LEVEL_1_SECTOR_NAME[Technology],-0.0015,0.0,-7.827999999999999,0.0,-0.002,-0.001
2010 beta:BICS_LEVEL_1_SECTOR_NAME[Utilities],-0.0022,0.0,-7.119,0.0,-0.003,-0.002
2011 Intercept,0.0015,0.0,8.974,0.0,0.001,0.002
2011 beta:Cluster[Cluster 0],-0.0013,0.0,-6.21,0.0,-0.002,-0.001
2011 beta:Cluster[Cluster 1],-0.0013,0.0,-5.473,0.0,-0.002,-0.001
2011 beta:Cluster[Cluster 10],-0.0015,0.0,-7.812,0.0,-0.002,-0.001
2011 beta:Cluster[Cluster 2],-0.0013,0.0,-6.636,0.0,-0.002,-0.001
2011 beta:Cluster[Cluster 3],-0.0012,0.0,-8.234,0.0,-0.001,-0.001
2011 beta:Cluster[Cluster 4],-0.001,0.0,-7.505,0.0,-0.001,-0.001
2011 beta:Cluster[Cluster 5],-0.0013,0.0,-7.216,0.0,-0.002,-0.001
2011 beta:Cluster[Cluster 7],-0.0016,0.0,-4.034,0.0,-0.002,-0.001
2011 beta:Cluster[Cluster 8],-0.0015,0.0,-4.5360000000000005,0.0,-0.002,-0.001
2011 beta:Cluster[Cluster 9],-0.0015,0.0,-10.731,0.0,-0.002,-0.001
2011 beta:Cluster[Cluster_NO_MAP_Cluster 6],-0.0012,0.001,-1.703,0.08900000000000001,-0.003,0.0
2011 Intercept,0.0012,0.0,7.827999999999999,0.0,0.001,0.002
2011 beta:GICS_SECTOR_NAME[Communication Services],-0.001,0.0,-4.811,0.0,-0.001,-0.001
2011 beta:GICS_SECTOR_NAME[Consumer Discretionary],-0.0008,0.0,-5.022,0.0,-0.001,-0.001
2011 beta:GICS_SECTOR_NAME[Consumer Staples],-0.001,0.0,-3.565,0.0,-0.002,-0.0
2011 beta:GICS_SECTOR_NAME[Energy],-0.0008,0.0,-6.034,0.0,-0.001,-0.001
2011 beta:GICS_SECTOR_NAME[Financials],-0.0013,0.0,-10.269,0.0,-0.002,-0.001
2011 beta:GICS_SECTOR_NAME[Health Care],-0.0009,0.0,-4.6,0.0,-0.001,-0.001
2011 beta:GICS_SECTOR_NAME[Industrials],-0.001,0.0,-6.596,0.0,-0.001,-0.001
2011 beta:GICS_SECTOR_NAME[Information Technology],-0.0012,0.0,-7.894,0.0,-0.001,-0.001
2011 beta:GICS_SECTOR_NAME[Materials],-0.0012,0.0,-7.212000000000001,0.0,-0.001,-0.001
2011 beta:GICS_SECTOR_NAME[Real Estate],-0.0008,0.0,-3.948,0.0,-0.001,-0.0
2011 beta:GICS_SECTOR_NAME[Utilities],-0.0009,0.0,-3.0989999999999998,0.002,-0.002,-0.0
2011 Intercept,0.0012,0.0,7.843999999999999,0.0,0.001,0.001
2011 beta:BICS_LEVEL_1_SECTOR_NAME[Communications],-0.001,0.0,-5.074,0.0,-0.001,-0.001
2011 beta:BICS_LEVEL_1_SECTOR_NAME[Consumer Discretionary],-0.0009,0.0,-5.2379999999999995,0.0,-0.001,-0.001
2011 beta:BICS_LEVEL_1_SECTOR_NAME[Consumer Staples],-0.0009,0.0,-3.5389999999999997,0.0,-0.001,-0.0
2011 beta:BICS_LEVEL_1_SECTOR_NAME[Energy],-0.0008,0.0,-5.393,0.0,-0.001,-0.0
2011 beta:BICS_LEVEL_1_SECTOR_NAME[Financials],-0.0013,0.0,-10.463,0.0,-0.002,-0.001
2011 beta:BICS_LEVEL_1_SECTOR_NAME[Health Care],-0.0009,0.0,-4.865,0.0,-0.001,-0.001
2011 beta:BICS_LEVEL_1_SECTOR_NAME[Industrials],-0.001,0.0,-6.521,0.0,-0.001,-0.001
2011 beta:BICS_LEVEL_1_SECTOR_NAME[Materials],-0.0013,0.0,-8.397,0.0,-0.002,-0.001
2011 beta:BICS_LEVEL_1_SECTOR_NAME[Real Estate],-0.0008,0.0,-3.9210000000000003,0.0,-0.001,-0.0
2011 beta:BICS_LEVEL_1_SECTOR_NAME[Technology],-0.0011,0.0,-7.024,0.0,-0.001,-0.001
2011 beta:BICS_LEVEL_1_SECTOR_NAME[Utilities],-0.0009,0.0,-2.984,0.003,-0.001,-0.0
2012 Intercept,-1.963e-05,0.0,-0.161,0.872,-0.0,0.0
2012 beta:Cluster[Cluster 0],-7.894e-05,0.0,-0.5329999999999999,0.594,-0.0,0.0
2012 beta:Cluster[Cluster 1],0.0008,0.0,4.702,0.0,0.0,0.001
2012 beta:Cluster[Cluster 10],0.0005,0.0,4.968,0.0,0.0,0.001
2012 beta:Cluster[Cluster 2],5.342e-05,0.0,0.46399999999999997,0.643,-0.0,0.0
2012 beta:Cluster[Cluster 3],0.001,0.0,5.125,0.0,0.001,0.001
2012 beta:Cluster[Cluster 4],0.0003,0.0,2.555,0.011000000000000001,6.91e-05,0.001
2012 beta:Cluster[Cluster 5],0.0006,0.0,5.5920000000000005,0.0,0.0,0.001
2012 beta:Cluster[Cluster 6],0.0015,0.0,6.691,0.0,0.001,0.002
2012 beta:Cluster[Cluster 7],8.471e-05,0.0,0.215,0.83,-0.001,0.001
2012 beta:Cluster[Cluster 8],0.0014,0.0,6.111000000000001,0.0,0.001,0.002
2012 beta:Cluster[Cluster 9],0.0009,0.0,6.3389999999999995,0.0,0.001,0.001
2012 Intercept,0.0002,0.0,1.3090000000000002,0.191,-8.379999999999999e-05,0.0
2012 beta:GICS_SECTOR_NAME[Communication Services],0.0006,0.0,3.09,0.002,0.0,0.001
2012 beta:GICS_SECTOR_NAME[Consumer Discretionary],0.0006,0.0,4.298,0.0,0.0,0.001
2012 beta:GICS_SECTOR_NAME[Consumer Staples],0.0004,0.0,1.655,0.098,-7.85e-05,0.001
2012 beta:GICS_SECTOR_NAME[Energy],1.806e-05,0.0,0.151,0.88,-0.0,0.0
2012 beta:GICS_SECTOR_NAME[Financials],0.0005,0.0,4.497,0.0,0.0,0.001
2012 beta:GICS_SECTOR_NAME[Health Care],0.0006,0.0,3.2439999999999998,0.001,0.0,0.001
2012 beta:GICS_SECTOR_NAME[Industrials],0.0004,0.0,2.594,0.01,8.57e-05,0.001
2012 beta:GICS_SECTOR_NAME[Information Technology],0.0002,0.0,2.0540000000000003,0.04,1.07e-05,0.0
2012 beta:GICS_SECTOR_NAME[Materials],0.0002,0.0,1.78,0.076,-2.58e-05,0.001
2012 beta:GICS_SECTOR_NAME[Real Estate],0.0006,0.0,2.43,0.015,0.0,0.001
2012 beta:GICS_SECTOR_NAME[Utilities],-0.0001,0.0,-0.29600000000000004,0.768,-0.001,0.001
2012 Intercept,0.0002,0.0,1.22,0.223,-9.54e-05,0.0
2012 beta:BICS_LEVEL_1_SECTOR_NAME[Communications],0.0009,0.0,4.78,0.0,0.001,0.001
2012 beta:BICS_LEVEL_1_SECTOR_NAME[Consumer Discretionary],0.0006,0.0,4.435,0.0,0.0,0.001
2012 beta:BICS_LEVEL_1_SECTOR_NAME[Consumer Staples],0.0004,0.0,1.547,0.12300000000000001,-0.0,0.001
2012 beta:BICS_LEVEL_1_SECTOR_NAME[Energy],5.351e-05,0.0,0.445,0.657,-0.0,0.0
2012 beta:BICS_LEVEL_1_SECTOR_NAME[Financials],0.0005,0.0,4.476,0.0,0.0,0.001
2012 beta:BICS_LEVEL_1_SECTOR_NAME[Health Care],0.0006,0.0,3.347,0.001,0.0,0.001
2012 beta:BICS_LEVEL_1_SECTOR_NAME[Industrials],0.0004,0.0,2.728,0.006999999999999999,0.0,0.001
2012 beta:BICS_LEVEL_1_SECTOR_NAME[Materials],0.0002,0.0,1.537,0.125,-5.85e-05,0.0
2012 beta:BICS_LEVEL_1_SECTOR_NAME[Real Estate],0.0006,0.0,2.4659999999999997,0.013999999999999999,0.0,0.001
2012 beta:BICS_LEVEL_1_SECTOR_NAME[Technology],0.0002,0.0,1.896,0.059000000000000004,-8.28e-06,0.0
2012 beta:BICS_LEVEL_1_SECTOR_NAME[Utilities],-9.314e-05,0.0,-0.24,0.81,-0.001,0.001
2013 Intercept,-0.0004,0.0,-2.471,0.013999999999999999,-0.001,-7.46e-05
2013 beta:Cluster[Cluster 0],0.0018,0.0,9.824,0.0,0.001,0.002
2013 beta:Cluster[Cluster 1],0.0013,0.0,10.501,0.0,0.001,0.002
2013 beta:Cluster[Cluster 10],0.0004,0.0,1.7269999999999999,0.085,-5.04e-05,0.001
2013 beta:Cluster[Cluster 2],0.0009,0.0,3.637,0.0,0.0,0.001
2013 beta:Cluster[Cluster 3],0.0014,0.0,10.299000000000001,0.0,0.001,0.002
2013 beta:Cluster[Cluster 4],0.0018,0.0,12.184000000000001,0.0,0.002,0.002
2013 beta:Cluster[Cluster 5],0.001,0.0,6.6979999999999995,0.0,0.001,0.001
2013 beta:Cluster[Cluster 6],0.002,0.0,7.192,0.0,0.001,0.003
2013 beta:Cluster[Cluster 7],0.0005,0.0,2.7569999999999997,0.006,0.0,0.001
2013 beta:Cluster[Cluster 8],0.0012,0.0,7.26,0.0,0.001,0.001
2013 beta:Cluster[Cluster 9],0.0016,0.0,8.633,0.0,0.001,0.002
2013 Intercept,-0.0002,0.0,-1.024,0.306,-0.0,0.0
2013 beta:GICS_SECTOR_NAME[Communication Services],0.0017,0.0,8.877,0.0,0.001,0.002
2013 beta:GICS_SECTOR_NAME[Consumer Discretionary],0.0013,0.0,8.509,0.0,0.001,0.002
2013 beta:GICS_SECTOR_NAME[Consumer Staples],0.0013,0.0,5.9270000000000005,0.0,0.001,0.002
2013 beta:GICS_SECTOR_NAME[Energy],0.0008,0.0,5.707000000000001,0.0,0.001,0.001
2013 beta:GICS_SECTOR_NAME[Financials],0.0013,0.0,9.334,0.0,0.001,0.002
2013 beta:GICS_SECTOR_NAME[Health Care],0.0015,0.0,8.774,0.0,0.001,0.002
2013 beta:GICS_SECTOR_NAME[Industrials],0.0012,0.0,7.956,0.0,0.001,0.002
2013 beta:GICS_SECTOR_NAME[Information Technology],0.0013,0.0,7.816,0.0,0.001,0.002
2013 beta:GICS_SECTOR_NAME[Materials],0.0008,0.0,4.756,0.0,0.0,0.001
2013 beta:GICS_SECTOR_NAME[Real Estate],0.0002,0.0,1.085,0.27899999999999997,-0.0,0.001
2013 beta:GICS_SECTOR_NAME[Utilities],0.0006,0.0,2.479,0.013999999999999999,0.0,0.001
2013 Intercept,-0.0001,0.0,-0.716,0.474,-0.0,0.0
2013 beta:BICS_LEVEL_1_SECTOR_NAME[Communications],0.0016,0.0,8.828,0.0,0.001,0.002
2013 beta:BICS_LEVEL_1_SECTOR_NAME[Consumer Discretionary],0.0012,0.0,8.067,0.0,0.001,0.001
2013 beta:BICS_LEVEL_1_SECTOR_NAME[Consumer Staples],0.0012,0.0,5.712000000000001,0.0,0.001,0.002
2013 beta:BICS_LEVEL_1_SECTOR_NAME[Energy],0.0009,0.0,5.997000000000001,0.0,0.001,0.001
2013 beta:BICS_LEVEL_1_SECTOR_NAME[Financials],0.0013,0.0,9.092,0.0,0.001,0.002
2013 beta:BICS_LEVEL_1_SECTOR_NAME[Health Care],0.0015,0.0,8.631,0.0,0.001,0.002
2013 beta:BICS_LEVEL_1_SECTOR_NAME[Industrials],0.0012,0.0,7.575,0.0,0.001,0.001
2013 beta:BICS_LEVEL_1_SECTOR_NAME[Materials],0.0007,0.0,4.2989999999999995,0.0,0.0,0.001
2013 beta:BICS_LEVEL_1_SECTOR_NAME[Real Estate],0.0002,0.0,0.878,0.38,-0.0,0.001
2013 beta:BICS_LEVEL_1_SECTOR_NAME[Technology],0.0012,0.0,7.8260000000000005,0.0,0.001,0.002
2013 beta:BICS_LEVEL_1_SECTOR_NAME[Utilities],0.0006,0.0,2.255,0.025,7.57e-05,0.001
2014 Intercept,0.0005,0.0,3.702,0.0,0.0,0.001
2014 beta:Cluster[Cluster 0],0.0004,0.0,2.7489999999999997,0.006,0.0,0.001
2014 beta:Cluster[Cluster 1],-8.079e-05,0.0,-0.634,0.527,-0.0,0.0
2014 beta:Cluster[Cluster 10],-0.0002,0.0,-1.119,0.264,-0.001,0.0
2014 beta:Cluster[Cluster 2],0.0007,0.0,2.039,0.042,2.54e-05,0.001
2014 beta:Cluster[Cluster 3],-8.48e-05,0.0,-0.606,0.545,-0.0,0.0
2014 beta:Cluster[Cluster 5],-0.0008,0.0,-5.5889999999999995,0.0,-0.001,-0.0
2014 beta:Cluster[Cluster 6],0.0003,0.0,2.9389999999999996,0.003,0.0,0.001
2014 beta:Cluster[Cluster 7],0.0005,0.0,3.227,0.001,0.0,0.001
2014 beta:Cluster[Cluster 8],-6.431e-05,0.0,-0.35,0.727,-0.0,0.0
2014 beta:Cluster[Cluster 9],0.0001,0.0,0.51,0.61,-0.0,0.001
2014 beta:Cluster[Cluster_NO_MAP_Cluster 4],0.0011,0.0,2.7539999999999996,0.006,0.0,0.002
2014 Intercept,0.0004,0.0,2.8369999999999997,0.005,0.0,0.001
2014 beta:GICS_SECTOR_NAME[Communication Services],0.0001,0.0,0.6970000000000001,0.486,-0.0,0.0
2014 beta:GICS_SECTOR_NAME[Consumer Discretionary],0.0002,0.0,1.508,0.132,-6.36e-05,0.0
2014 beta:GICS_SECTOR_NAME[Consumer Staples],0.0004,0.0,1.975,0.049,2.25e-06,0.001
2014 beta:GICS_SECTOR_NAME[Energy],-0.0007,0.0,-4.963,0.0,-0.001,-0.0
2014 beta:GICS_SECTOR_NAME[Financials],2.944e-05,0.0,0.228,0.82,-0.0,0.0
2014 beta:GICS_SECTOR_NAME[Health Care],0.0007,0.0,4.933,0.0,0.0,0.001
2014 beta:GICS_SECTOR_NAME[Industrials],0.0001,0.0,0.8140000000000001,0.41600000000000004,-0.0,0.0
2014 beta:GICS_SECTOR_NAME[Information Technology],0.0003,0.0,2.694,0.006999999999999999,9.329999999999999e-05,0.001
2014 beta:GICS_SECTOR_NAME[Materials],-1.271e-05,0.0,-0.078,0.938,-0.0,0.0
2014 beta:GICS_SECTOR_NAME[Real Estate],0.001,0.0,3.234,0.001,0.0,0.002
2014 beta:GICS_SECTOR_NAME[Utilities],0.001,0.0,2.9989999999999997,0.003,0.0,0.002
2014 Intercept,0.0003,0.0,2.475,0.013999999999999999,6.43e-05,0.001
2014 beta:BICS_LEVEL_1_SECTOR_NAME[Communications],0.0001,0.0,0.922,0.35700000000000004,-0.0,0.0
2014 beta:BICS_LEVEL_1_SECTOR_NAME[Consumer Discretionary],0.0002,0.0,1.499,0.134,-6.75e-05,0.001
2014 beta:BICS_LEVEL_1_SECTOR_NAME[Consumer Staples],0.0005,0.0,2.353,0.019,8.31e-05,0.001
2014 beta:BICS_LEVEL_1_SECTOR_NAME[Energy],-0.0006,0.0,-4.74,0.0,-0.001,-0.0
2014 beta:BICS_LEVEL_1_SECTOR_NAME[Financials],5.573e-05,0.0,0.431,0.667,-0.0,0.0
2014 beta:BICS_LEVEL_1_SECTOR_NAME[Health Care],0.0007,0.0,5.215,0.0,0.0,0.001
2014 beta:BICS_LEVEL_1_SECTOR_NAME[Industrials],0.0001,0.0,1.123,0.262,-0.0,0.0
2014 beta:BICS_LEVEL_1_SECTOR_NAME[Materials],2.56e-05,0.0,0.158,0.875,-0.0,0.0
2014 beta:BICS_LEVEL_1_SECTOR_NAME[Real Estate],0.001,0.0,3.4560000000000004,0.001,0.0,0.002
2014 beta:BICS_LEVEL_1_SECTOR_NAME[Technology],0.0004,0.0,3.2560000000000002,0.001,0.0,0.001
2014 beta:BICS_LEVEL_1_SECTOR_NAME[Utilities],0.0011,0.0,3.24,0.001,0.0,0.002
2015 Intercept,0.0002,0.0,0.907,0.365,-0.0,0.001
2015 beta:Cluster[Cluster 0],0.0008,0.0,3.012,0.003,0.0,0.001
2015 beta:Cluster[Cluster 1],-6.643e-06,0.0,-0.02,0.9840000000000001,-0.001,0.001
2015 beta:Cluster[Cluster 10],-0.0014,0.0,-6.653,0.0,-0.002,-0.001
2015 beta:Cluster[Cluster 2],-0.0011,0.0,-2.995,0.003,-0.002,-0.0
2015 beta:Cluster[Cluster 3],-4.197e-05,0.0,-0.159,0.8740000000000001,-0.001,0.0
2015 beta:Cluster[Cluster 5],-0.0007,0.0,-1.51,0.132,-0.002,0.0
2015 beta:Cluster[Cluster 6],-0.0003,0.0,-1.265,0.207,-0.001,0.0
2015 beta:Cluster[Cluster 7],-0.0006,0.0,-1.9269999999999998,0.055,-0.001,1.2e-05
2015 beta:Cluster[Cluster 8],-0.0005,0.0,-2.084,0.038,-0.001,-2.8300000000000003e-05
2015 beta:Cluster[Cluster 9],9.434e-05,0.0,0.35100000000000003,0.726,-0.0,0.001
2015 beta:Cluster[Cluster_NO_MAP_Cluster 4],0.0051,0.003,1.901,0.057999999999999996,-0.0,0.01
2015 Intercept,0.0001,0.0,0.442,0.6579999999999999,-0.0,0.001
2015 beta:GICS_SECTOR_NAME[Communication Services],0.0001,0.0,0.43700000000000006,0.662,-0.0,0.001
2015 beta:GICS_SECTOR_NAME[Consumer Discretionary],-0.0002,0.0,-0.777,0.43799999999999994,-0.001,0.0
2015 beta:GICS_SECTOR_NAME[Consumer Staples],0.0004,0.0,1.204,0.22899999999999998,-0.0,0.001
2015 beta:GICS_SECTOR_NAME[Energy],-0.0012,0.0,-5.1610000000000005,0.0,-0.002,-0.001
2015 beta:GICS_SECTOR_NAME[Financials],-0.0002,0.0,-0.708,0.479,-0.001,0.0
2015 beta:GICS_SECTOR_NAME[Health Care],0.0002,0.0,0.797,0.426,-0.0,0.001
2015 beta:GICS_SECTOR_NAME[Industrials],-0.0004,0.0,-1.3780000000000001,0.16899999999999998,-0.001,0.0
2015 beta:GICS_SECTOR_NAME[Information Technology],-7.277e-05,0.0,-0.305,0.7609999999999999,-0.001,0.0
2015 beta:GICS_SECTOR_NAME[Materials],-0.0006,0.0,-2.121,0.034,-0.001,-4.22e-05
2015 beta:GICS_SECTOR_NAME[Real Estate],-0.0001,0.0,-0.341,0.733,-0.001,0.001
2015 beta:GICS_SECTOR_NAME[Utilities],-0.0007,0.0,-1.5130000000000001,0.131,-0.002,0.0
2015 Intercept,0.0001,0.0,0.43700000000000006,0.662,-0.0,0.001
2015 beta:BICS_LEVEL_1_SECTOR_NAME[Communications],0.0002,0.0,0.815,0.415,-0.0,0.001
2015 beta:BICS_LEVEL_1_SECTOR_NAME[Consumer Discretionary],-0.0002,0.0,-0.862,0.389,-0.001,0.0
2015 beta:BICS_LEVEL_1_SECTOR_NAME[Consumer Staples],0.0004,0.0,1.153,0.25,-0.0,0.001
2015 beta:BICS_LEVEL_1_SECTOR_NAME[Energy],-0.0011,0.0,-4.813,0.0,-0.002,-0.001
2015 beta:BICS_LEVEL_1_SECTOR_NAME[Financials],-0.0002,0.0,-0.754,0.451,-0.001,0.0
2015 beta:BICS_LEVEL_1_SECTOR_NAME[Health Care],0.0002,0.0,0.8190000000000001,0.413,-0.0,0.001
2015 beta:BICS_LEVEL_1_SECTOR_NAME[Industrials],-0.0004,0.0,-1.556,0.12,-0.001,0.0
2015 beta:BICS_LEVEL_1_SECTOR_NAME[Materials],-0.0006,0.0,-2.105,0.036000000000000004,-0.001,-3.81e-05
2015 beta:BICS_LEVEL_1_SECTOR_NAME[Real Estate],-0.0001,0.0,-0.33799999999999997,0.735,-0.001,0.001
2015 beta:BICS_LEVEL_1_SECTOR_NAME[Technology],-0.0001,0.0,-0.523,0.601,-0.001,0.0
2015 beta:BICS_LEVEL_1_SECTOR_NAME[Utilities],-0.0007,0.0,-1.501,0.134,-0.002,0.0
2016 Intercept,0.0004,0.0,4.2010000000000005,0.0,0.0,0.001
2016 beta:Cluster[Cluster 0],0.0004,0.0,4.008,0.0,0.0,0.001
2016 beta:Cluster[Cluster 10],0.0007,8.4e-05,8.238999999999999,0.0,0.001,0.001
2016 beta:Cluster[Cluster 2],-0.0004,0.0,-2.474,0.013999999999999999,-0.001,-8.25e-05
2016 beta:Cluster[Cluster 3],5.882e-05,9.48e-05,0.621,0.535,-0.0,0.0
2016 beta:Cluster[Cluster 5],0.0004,0.0,1.0959999999999999,0.27399999999999997,-0.0,0.001
2016 beta:Cluster[Cluster 6],-0.0009,0.0,-6.122999999999999,0.0,-0.001,-0.001
2016 beta:Cluster[Cluster 7],-9.173e-05,0.0,-0.705,0.48100000000000004,-0.0,0.0
2016 beta:Cluster[Cluster 8],0.0004,9.68e-05,4.14,0.0,0.0,0.001
2016 beta:Cluster[Cluster 9],0.0001,0.0,1.192,0.23399999999999999,-8.56e-05,0.0
2016 beta:Cluster[Cluster_NO_MAP_Cluster 1],-0.0004,0.0,-1.5019999999999998,0.134,-0.001,0.0
2016 beta:Cluster[Cluster_NO_MAP_Cluster 4],-0.0005,0.001,-1.0,0.318,-0.002,0.001
2016 Intercept,0.0005,0.0,5.3260000000000005,0.0,0.0,0.001
2016 beta:GICS_SECTOR_NAME[Communication Services],-0.0002,0.0,-1.656,0.098,-0.001,4.5299999999999997e-05
2016 beta:GICS_SECTOR_NAME[Consumer Discretionary],-0.0003,0.0,-2.488,0.013000000000000001,-0.001,-5.94e-05
2016 beta:GICS_SECTOR_NAME[Consumer Staples],-0.0004,0.0,-2.001,0.046,-0.001,-8.1e-06
2016 beta:GICS_SECTOR_NAME[Energy],0.0006,8.4e-05,6.822,0.0,0.0,0.001
2016 beta:GICS_SECTOR_NAME[Financials],0.0003,9.4e-05,3.155,0.002,0.0,0.0
2016 beta:GICS_SECTOR_NAME[Health Care],-0.0007,0.0,-5.1080000000000005,0.0,-0.001,-0.0
2016 beta:GICS_SECTOR_NAME[Industrials],0.0002,0.0,1.945,0.052000000000000005,-2.21e-06,0.0
2016 beta:GICS_SECTOR_NAME[Information Technology],0.0002,0.0,1.979,0.048,1.44e-06,0.0
2016 beta:GICS_SECTOR_NAME[Materials],0.0004,0.0,3.052,0.002,0.0,0.001
2016 beta:GICS_SECTOR_NAME[Real Estate],-0.0003,0.0,-1.787,0.075,-0.001,3.2500000000000004e-05
2016 beta:GICS_SECTOR_NAME[Utilities],0.0002,0.0,0.726,0.46799999999999997,-0.0,0.001
2016 Intercept,0.0005,0.0,5.032,0.0,0.0,0.001
2016 beta:BICS_LEVEL_1_SECTOR_NAME[Communications],-0.0002,0.0,-1.5759999999999998,0.11599999999999999,-0.001,5.5100000000000004e-05
2016 beta:BICS_LEVEL_1_SECTOR_NAME[Consumer Discretionary],-0.0003,0.0,-2.472,0.013999999999999999,-0.001,-5.94e-05
2016 beta:BICS_LEVEL_1_SECTOR_NAME[Consumer Staples],-0.0004,0.0,-1.9369999999999998,0.053,-0.001,6.16e-06
2016 beta:BICS_LEVEL_1_SECTOR_NAME[Energy],0.0005,8.43e-05,6.303,0.0,0.0,0.001
2016 beta:BICS_LEVEL_1_SECTOR_NAME[Financials],0.0003,9.549999999999999e-05,3.306,0.001,0.0,0.001
2016 beta:BICS_LEVEL_1_SECTOR_NAME[Health Care],-0.0006,0.0,-4.81,0.0,-0.001,-0.0
2016 beta:BICS_LEVEL_1_SECTOR_NAME[Industrials],0.0003,0.0,2.474,0.013999999999999999,5.85e-05,0.001
2016 beta:BICS_LEVEL_1_SECTOR_NAME[Materials],0.0004,0.0,3.155,0.002,0.0,0.001
2016 beta:BICS_LEVEL_1_SECTOR_NAME[Real Estate],-0.0003,0.0,-1.6369999999999998,0.102,-0.001,6.02e-05
2016 beta:BICS_LEVEL_1_SECTOR_NAME[Technology],0.0002,0.0,2.343,0.02,3.8e-05,0.0
2016 beta:BICS_LEVEL_1_SECTOR_NAME[Utilities],0.0002,0.0,0.84,0.401,-0.0,0.001
2017 Intercept,0.0005,0.0,4.864,0.0,0.0,0.001
2017 beta:Cluster[Cluster 0],0.0002,0.0,1.349,0.17800000000000002,-9.109999999999999e-05,0.0
2017 beta:Cluster[Cluster 10],-0.0009,0.0,-5.732,0.0,-0.001,-0.001
2017 beta:Cluster[Cluster 2],0.0002,0.0,1.601,0.11,-5.5299999999999996e-05,0.001
2017 beta:Cluster[Cluster 3],-0.0005,0.0,-2.786,0.006,-0.001,-0.0
2017 beta:Cluster[Cluster 4],-0.0009,0.0,-3.773,0.0,-0.001,-0.0
2017 beta:Cluster[Cluster 5],-0.0013,0.001,-1.635,0.10300000000000001,-0.003,0.0
2017 beta:Cluster[Cluster 6],-0.0004,0.0,-1.406,0.16,-0.001,0.0
2017 beta:Cluster[Cluster 7],0.0003,9.65e-05,3.286,0.001,0.0,0.001
2017 beta:Cluster[Cluster 8],0.0001,9.88e-05,1.236,0.217,-7.2e-05,0.0
2017 beta:Cluster[Cluster 9],0.0007,9.84e-05,6.651,0.0,0.0,0.001
2017 beta:Cluster[Cluster_NO_MAP_Cluster 1],-0.0009,0.0,-2.2119999999999997,0.027000000000000003,-0.002,-9.499999999999999e-05
2017 Intercept,0.0001,0.0,1.431,0.153,-5.4600000000000006e-05,0.0
2017 beta:GICS_SECTOR_NAME[Communication Services],0.0004,0.0,2.108,0.036000000000000004,2.56e-05,0.001
2017 beta:GICS_SECTOR_NAME[Consumer Discretionary],0.0004,0.0,3.2510000000000003,0.001,0.0,0.001
2017 beta:GICS_SECTOR_NAME[Consumer Staples],0.0003,0.0,0.88,0.379,-0.0,0.001
2017 beta:GICS_SECTOR_NAME[Energy],-0.0004,0.0,-2.648,0.008,-0.001,-0.0
2017 beta:GICS_SECTOR_NAME[Financials],0.0004,0.0,3.799,0.0,0.0,0.001
2017 beta:GICS_SECTOR_NAME[Health Care],0.0008,0.0,5.249,0.0,0.0,0.001
2017 beta:GICS_SECTOR_NAME[Industrials],0.0005,0.0,4.708,0.0,0.0,0.001
2017 beta:GICS_SECTOR_NAME[Information Technology],0.0007,0.0,6.928,0.0,0.001,0.001
2017 beta:GICS_SECTOR_NAME[Materials],0.0005,0.0,3.747,0.0,0.0,0.001
2017 beta:GICS_SECTOR_NAME[Real Estate],0.0003,0.0,1.032,0.302,-0.0,0.001
2017 beta:GICS_SECTOR_NAME[Utilities],0.0016,0.0,3.259,0.001,0.001,0.003
2017 Intercept,0.0001,0.0,1.227,0.22,-7.5e-05,0.0
2017 beta:BICS_LEVEL_1_SECTOR_NAME[Communications],0.0004,0.0,2.505,0.013000000000000001,9.379999999999999e-05,0.001
2017 beta:BICS_LEVEL_1_SECTOR_NAME[Consumer Discretionary],0.0005,0.0,3.398,0.001,0.0,0.001
2017 beta:BICS_LEVEL_1_SECTOR_NAME[Consumer Staples],0.0004,0.0,1.409,0.159,-0.0,0.001
2017 beta:BICS_LEVEL_1_SECTOR_NAME[Energy],-0.0004,0.0,-2.5340000000000003,0.012,-0.001,-9.01e-05
2017 beta:BICS_LEVEL_1_SECTOR_NAME[Financials],0.0004,0.0,3.736,0.0,0.0,0.001
2017 beta:BICS_LEVEL_1_SECTOR_NAME[Health Care],0.0008,0.0,5.353,0.0,0.001,0.001
2017 beta:BICS_LEVEL_1_SECTOR_NAME[Industrials],0.0005,0.0,4.962,0.0,0.0,0.001
2017 beta:BICS_LEVEL_1_SECTOR_NAME[Materials],0.0006,0.0,3.86,0.0,0.0,0.001
2017 beta:BICS_LEVEL_1_SECTOR_NAME[Real Estate],0.0003,0.0,1.1440000000000001,0.253,-0.0,0.001
2017 beta:BICS_LEVEL_1_SECTOR_NAME[Technology],0.0007,0.0,7.087999999999999,0.0,0.001,0.001
2017 beta:BICS_LEVEL_1_SECTOR_NAME[Utilities],0.0016,0.0,3.344,0.001,0.001,0.003
2018 Intercept,0.0003,0.0,1.575,0.11599999999999999,-6.95e-05,0.001
2018 beta:Cluster[Cluster 0],-0.0005,0.0,-1.891,0.059000000000000004,-0.001,1.76e-05
2018 beta:Cluster[Cluster 1],-0.0017,0.0,-3.92,0.0,-0.003,-0.001
2018 beta:Cluster[Cluster 10],-0.0012,0.0,-5.653,0.0,-0.002,-0.001
2018 beta:Cluster[Cluster 2],-0.001,0.0,-5.234,0.0,-0.001,-0.001
2018 beta:Cluster[Cluster 3],0.0002,0.0,0.8690000000000001,0.385,-0.0,0.0
2018 beta:Cluster[Cluster 4],-0.0005,0.0,-2.6039999999999996,0.01,-0.001,-0.0
2018 beta:Cluster[Cluster 5],-0.0013,0.0,-3.049,0.002,-0.002,-0.0
2018 beta:Cluster[Cluster 6],-0.0003,0.001,-0.275,0.7829999999999999,-0.003,0.002
2018 beta:Cluster[Cluster 7],-0.0011,0.0,-5.483,0.0,-0.002,-0.001
2018 beta:Cluster[Cluster 8],-0.0006,0.0,-2.053,0.040999999999999995,-0.001,-2.6300000000000002e-05
2018 beta:Cluster[Cluster 9],-0.0008,0.0,-3.573,0.0,-0.001,-0.0
2018 Intercept,3.311e-05,0.0,0.201,0.841,-0.0,0.0
2018 beta:GICS_SECTOR_NAME[Communication Services],-9.997e-05,0.0,-0.44299999999999995,0.6579999999999999,-0.001,0.0
2018 beta:GICS_SECTOR_NAME[Consumer Discretionary],-0.0004,0.0,-2.035,0.042,-0.001,-1.49e-05
2018 beta:GICS_SECTOR_NAME[Consumer Staples],-0.0008,0.0,-2.175,0.03,-0.002,-7.96e-05
2018 beta:GICS_SECTOR_NAME[Energy],-0.001,0.0,-4.643,0.0,-0.001,-0.001
2018 beta:GICS_SECTOR_NAME[Financials],-0.0008,0.0,-4.005,0.0,-0.001,-0.0
2018 beta:GICS_SECTOR_NAME[Health Care],7.674e-05,0.0,0.39899999999999997,0.69,-0.0,0.0
2018 beta:GICS_SECTOR_NAME[Industrials],-0.0005,0.0,-2.8160000000000003,0.005,-0.001,-0.0
2018 beta:GICS_SECTOR_NAME[Information Technology],1.267e-05,0.0,0.079,0.937,-0.0,0.0
2018 beta:GICS_SECTOR_NAME[Materials],-0.0008,0.0,-3.193,0.001,-0.001,-0.0
2018 beta:GICS_SECTOR_NAME[Real Estate],-0.0007,0.0,-1.8019999999999998,0.07200000000000001,-0.001,6.48e-05
2018 beta:GICS_SECTOR_NAME[Utilities],0.0007,0.001,0.9670000000000001,0.33399999999999996,-0.001,0.002
2018 Intercept,9.161000000000001e-06,0.0,0.055999999999999994,0.955,-0.0,0.0
2018 beta:BICS_LEVEL_1_SECTOR_NAME[Communications],-3.05e-05,0.0,-0.138,0.89,-0.0,0.0
2018 beta:BICS_LEVEL_1_SECTOR_NAME[Consumer Discretionary],-0.0005,0.0,-2.331,0.02,-0.001,-7.63e-05
2018 beta:BICS_LEVEL_1_SECTOR_NAME[Consumer Staples],-0.0007,0.0,-1.839,0.067,-0.001,4.47e-05
2018 beta:BICS_LEVEL_1_SECTOR_NAME[Energy],-0.001,0.0,-4.583,0.0,-0.001,-0.001
2018 beta:BICS_LEVEL_1_SECTOR_NAME[Financials],-0.0009,0.0,-4.287,0.0,-0.001,-0.0
2018 beta:BICS_LEVEL_1_SECTOR_NAME[Health Care],0.0001,0.0,0.602,0.5479999999999999,-0.0,0.0
2018 beta:BICS_LEVEL_1_SECTOR_NAME[Industrials],-0.0005,0.0,-2.414,0.016,-0.001,-8.65e-05
2018 beta:BICS_LEVEL_1_SECTOR_NAME[Materials],-0.0008,0.0,-3.1239999999999997,0.002,-0.001,-0.0
2018 beta:BICS_LEVEL_1_SECTOR_NAME[Real Estate],-0.0007,0.0,-1.715,0.087,-0.001,9.83e-05
2018 beta:BICS_LEVEL_1_SECTOR_NAME[Technology],2.026e-05,0.0,0.127,0.899,-0.0,0.0
2018 beta:BICS_LEVEL_1_SECTOR_NAME[Utilities],0.0008,0.001,1.067,0.28600000000000003,-0.001,0.002
2019 Intercept,0.0009,9.470000000000001e-05,9.798,0.0,0.001,0.001
2019 beta:Cluster[Cluster 0],-0.0004,0.001,-0.6990000000000001,0.485,-0.002,0.001
2019 beta:Cluster[Cluster 1],0.0002,0.0,1.805,0.07200000000000001,-1.6100000000000002e-05,0.0
2019 beta:Cluster[Cluster 10],2.702e-05,0.0,0.19699999999999998,0.8440000000000001,-0.0,0.0
2019 beta:Cluster[Cluster 2],2.208e-05,0.0,0.18100000000000002,0.857,-0.0,0.0
2019 beta:Cluster[Cluster 3],0.0004,0.0,2.658,0.008,0.0,0.001
2019 beta:Cluster[Cluster 4],0.0005,0.0,2.5340000000000003,0.012,0.0,0.001
2019 beta:Cluster[Cluster 5],-0.0002,0.0,-1.933,0.054000000000000006,-0.0,4.06e-06
2019 beta:Cluster[Cluster 6],0.0005,0.0,5.01,0.0,0.0,0.001
2019 beta:Cluster[Cluster 7],-0.0002,0.0,-1.64,0.102,-0.0,4.210000000000001e-05
2019 beta:Cluster[Cluster 8],0.0003,9.88e-05,3.195,0.001,0.0,0.001
2019 beta:Cluster[Cluster 9],-0.0004,0.0,-3.451,0.001,-0.001,-0.0
2019 Intercept,0.001,0.0001,9.658999999999999,0.0,0.001,0.001
2019 beta:GICS_SECTOR_NAME[Communication Services],3.214e-05,0.0,0.191,0.848,-0.0,0.0
2019 beta:GICS_SECTOR_NAME[Consumer Discretionary],-6.189e-05,0.0,-0.531,0.596,-0.0,0.0
2019 beta:GICS_SECTOR_NAME[Consumer Staples],7.604e-05,0.0,0.3,0.765,-0.0,0.001
2019 beta:GICS_SECTOR_NAME[Energy],-0.0005,0.0,-3.56,0.0,-0.001,-0.0
2019 beta:GICS_SECTOR_NAME[Financials],9.959e-05,0.0,0.84,0.401,-0.0,0.0
2019 beta:GICS_SECTOR_NAME[Health Care],1.402e-05,0.0,0.105,0.9159999999999999,-0.0,0.0
2019 beta:GICS_SECTOR_NAME[Industrials],0.0001,0.0,1.298,0.195,-7.38e-05,0.0
2019 beta:GICS_SECTOR_NAME[Information Technology],0.0004,9.08e-05,4.506,0.0,0.0,0.001
2019 beta:GICS_SECTOR_NAME[Materials],-0.0002,0.0,-1.189,0.235,-0.0,0.0
2019 beta:GICS_SECTOR_NAME[Real Estate],0.0002,0.0,0.496,0.62,-0.0,0.001
2019 beta:GICS_SECTOR_NAME[Utilities],-0.0006,0.001,-1.077,0.282,-0.002,0.0
2019 Intercept,0.001,9.89e-05,9.671,0.0,0.001,0.001
2019 beta:BICS_LEVEL_1_SECTOR_NAME[Communications],-1.189e-05,0.0,-0.07400000000000001,0.941,-0.0,0.0
2019 beta:BICS_LEVEL_1_SECTOR_NAME[Consumer Discretionary],3.923e-07,0.0,0.003,0.997,-0.0,0.0
2019 beta:BICS_LEVEL_1_SECTOR_NAME[Consumer Staples],0.0002,0.0,0.746,0.456,-0.0,0.001
2019 beta:BICS_LEVEL_1_SECTOR_NAME[Energy],-0.0005,0.0,-3.54,0.0,-0.001,-0.0
2019 beta:BICS_LEVEL_1_SECTOR_NAME[Financials],7.449e-06,0.0,0.063,0.95,-0.0,0.0
2019 beta:BICS_LEVEL_1_SECTOR_NAME[Health Care],1.59e-05,0.0,0.12,0.904,-0.0,0.0
2019 beta:BICS_LEVEL_1_SECTOR_NAME[Industrials],0.0001,0.0,1.1640000000000001,0.245,-8.669999999999999e-05,0.0
2019 beta:BICS_LEVEL_1_SECTOR_NAME[Materials],-0.0002,0.0,-1.148,0.251,-0.0,0.0
2019 beta:BICS_LEVEL_1_SECTOR_NAME[Real Estate],0.0002,0.0,0.551,0.5820000000000001,-0.0,0.001
2019 beta:BICS_LEVEL_1_SECTOR_NAME[Technology],0.0005,9.13e-05,5.052,0.0,0.0,0.001
2019 beta:BICS_LEVEL_1_SECTOR_NAME[Utilities],-0.0005,0.001,-1.038,0.3,-0.002,0.0
2020 Intercept,-9.819e-05,0.0,-0.552,0.581,-0.0,0.0
2020 beta:Cluster[Cluster 0],0.0024,0.0,9.912,0.0,0.002,0.003
2020 beta:Cluster[Cluster 1],-0.0002,0.0,-1.1640000000000001,0.245,-0.001,0.0
2020 beta:Cluster[Cluster 10],0.0012,0.0,6.112,0.0,0.001,0.002
2020 beta:Cluster[Cluster 2],0.0022,0.001,3.843,0.0,0.001,0.003
2020 beta:Cluster[Cluster 3],0.0015,0.0,7.156000000000001,0.0,0.001,0.002
2020 beta:Cluster[Cluster 4],0.0002,0.0,0.895,0.371,-0.0,0.001
2020 beta:Cluster[Cluster 6],0.0012,0.0,5.749,0.0,0.001,0.002
2020 beta:Cluster[Cluster 7],0.0004,0.0,2.428,0.016,7.45e-05,0.001
2020 beta:Cluster[Cluster 8],0.0011,0.0,5.3420000000000005,0.0,0.001,0.002
2020 beta:Cluster[Cluster 9],0.0005,0.0,2.9530000000000003,0.003,0.0,0.001
2020 beta:Cluster[Cluster_NO_MAP_Cluster 5],0.0006,0.003,0.226,0.821,-0.005,0.006
2020 Intercept,0.0006,0.0,2.8369999999999997,0.005,0.0,0.001
2020 beta:GICS_SECTOR_NAME[Communication Services],0.0003,0.0,1.091,0.276,-0.0,0.001
2020 beta:GICS_SECTOR_NAME[Consumer Discretionary],0.0006,0.0,3.076,0.002,0.0,0.001
2020 beta:GICS_SECTOR_NAME[Consumer Staples],-4.466e-05,0.0,-0.128,0.898,-0.001,0.001
2020 beta:GICS_SECTOR_NAME[Energy],-0.0007,0.0,-3.7680000000000002,0.0,-0.001,-0.0
2020 beta:GICS_SECTOR_NAME[Financials],7.629e-06,0.0,0.043,0.966,-0.0,0.0
2020 beta:GICS_SECTOR_NAME[Health Care],0.0006,0.0,2.2769999999999997,0.023,8.06e-05,0.001
2020 beta:GICS_SECTOR_NAME[Industrials],0.0004,0.0,1.7269999999999999,0.085,-5.04e-05,0.001
2020 beta:GICS_SECTOR_NAME[Information Technology],0.0007,0.0,3.552,0.0,0.0,0.001
2020 beta:GICS_SECTOR_NAME[Materials],0.0006,0.0,2.353,0.019,9.65e-05,0.001
2020 beta:GICS_SECTOR_NAME[Real Estate],0.0002,0.0,0.924,0.35600000000000004,-0.0,0.001
2020 beta:GICS_SECTOR_NAME[Utilities],-0.0004,0.0,-1.375,0.17,-0.001,0.0
2020 Intercept,0.0005,0.0,2.6239999999999997,0.009000000000000001,0.0,0.001
2020 beta:BICS_LEVEL_1_SECTOR_NAME[Communications],0.0004,0.0,1.314,0.18899999999999997,-0.0,0.001
2020 beta:BICS_LEVEL_1_SECTOR_NAME[Consumer Discretionary],0.0006,0.0,3.237,0.001,0.0,0.001
2020 beta:BICS_LEVEL_1_SECTOR_NAME[Consumer Staples],8.191e-05,0.0,0.237,0.813,-0.001,0.001
2020 beta:BICS_LEVEL_1_SECTOR_NAME[Energy],-0.0007,0.0,-3.6319999999999997,0.0,-0.001,-0.0
2020 beta:BICS_LEVEL_1_SECTOR_NAME[Financials],-1.071e-05,0.0,-0.06,0.9520000000000001,-0.0,0.0
2020 beta:BICS_LEVEL_1_SECTOR_NAME[Health Care],0.0006,0.0,2.457,0.013999999999999999,0.0,0.001
2020 beta:BICS_LEVEL_1_SECTOR_NAME[Industrials],0.0004,0.0,1.775,0.076,-4.04e-05,0.001
2020 beta:BICS_LEVEL_1_SECTOR_NAME[Materials],0.0006,0.0,2.487,0.013000000000000001,0.0,0.001
2020 beta:BICS_LEVEL_1_SECTOR_NAME[Real Estate],0.0002,0.0,1.06,0.29,-0.0,0.001
2020 beta:BICS_LEVEL_1_SECTOR_NAME[Technology],0.0008,0.0,3.7939999999999996,0.0,0.0,0.001
2020 beta:BICS_LEVEL_1_SECTOR_NAME[Utilities],-0.0004,0.0,-1.237,0.217,-0.001,0.0
